sensor_id,timestamp,temperature,humidity,location,sensor_type
1096,2025-04-11 00:18:28,23.74,68.74,BuildingA_Floor1,TypeA
1030,2025-04-11 02:29:28,18.27,58.96,BuildingA_Floor2,TypeA
1043,2025-04-10 03:45:29,29.46,30.15,BuildingB_Floor2,TypeA
1036,2025-04-07 13:36:08,20.56,68.94,BuildingB_Floor2,TypeB
1049,2025-04-07 09:46:49,27.47,65.31,BuildingA_Floor2,TypeA
1017,2025-04-10 01:43:18,26.49,33.22,BuildingA_Floor1,TypeC
1004,2025-04-09 09:05:45,34.89,68.36,BuildingA_Floor1,TypeB
1002,2025-04-07 20:05:13,31.38,39.32,BuildingA_Floor2,TypeB
1054,2025-04-10 19:28:25,17.51,61.59,BuildingB_Floor1,TypeA
1022,2025-04-06 08:06:19,19.63,42.29,BuildingA_Floor2,TypeC
1028,2025-04-09 12:02:17,27.58,63.32,BuildingA_Floor1,TypeC
1003,2025-04-06 07:48:16,26.67,43.28,BuildingA_Floor1,TypeA
1053,2025-04-08 21:51:21,34.09,36.32,BuildingA_Floor1,TypeC
1007,2025-04-10 11:17:58,24.81,61.71,BuildingA_Floor2,TypeC
1017,2025-04-09 05:11:58,24.86,36.89,BuildingA_Floor1,TypeC
1051,2025-04-10 08:52:49,15.68,76.96,BuildingA_Floor1,TypeB
1096,2025-04-08 07:53:45,30.25,63.2,BuildingB_Floor2,TypeA
1084,2025-04-07 06:38:22,24.3,37.97,BuildingB_Floor2,TypeB
1020,2025-04-07 10:07:37,18.17,75.71,BuildingB_Floor1,TypeA
1041,2025-04-06 23:02:28,20.45,41.61,BuildingB_Floor1,TypeA
1066,2025-04-08 22:52:38,22.62,36.87,BuildingB_Floor2,TypeB
1028,2025-04-07 04:10:46,18.27,75.39,BuildingB_Floor1,TypeC
1080,2025-04-09 22:45:17,27.22,35.24,BuildingB_Floor1,TypeB
1065,2025-04-10 11:48:40,18.31,30.73,BuildingB_Floor2,TypeC
1064,2025-04-09 02:37:56,30.53,39.0,BuildingA_Floor2,TypeC
1045,2025-04-10 17:01:59,16.41,78.0,BuildingA_Floor1,TypeB
1018,2025-04-08 19:42:50,26.09,67.82,BuildingA_Floor1,TypeB
1071,2025-04-10 10:58:41,15.22,72.17,BuildingA_Floor2,TypeB
1021,2025-04-07 07:26:24,20.82,45.74,BuildingB_Floor2,TypeB
1031,2025-04-10 23:05:07,23.12,31.46,BuildingB_Floor2,TypeB
1069,2025-04-06 18:44:49,23.99,70.86,BuildingA_Floor2,TypeC
1091,2025-04-08 11:08:05,34.24,52.61,BuildingB_Floor2,TypeC
1003,2025-04-10 21:46:06,21.05,68.72,BuildingA_Floor1,TypeA
1084,2025-04-06 15:38:26,17.54,63.49,BuildingB_Floor1,TypeC
1066,2025-04-08 04:21:40,22.03,41.58,BuildingB_Floor2,TypeB
1084,2025-04-08 16:13:22,33.4,69.36,BuildingA_Floor1,TypeB
1003,2025-04-08 00:07:45,15.5,74.1,BuildingA_Floor2,TypeA
1070,2025-04-11 02:14:43,28.36,49.27,BuildingA_Floor1,TypeA
1033,2025-04-07 03:56:06,24.3,71.83,BuildingB_Floor1,TypeB
1100,2025-04-08 01:58:17,22.42,79.35,BuildingB_Floor2,TypeC
1045,2025-04-10 16:23:00,27.01,53.29,BuildingA_Floor1,TypeB
1055,2025-04-08 09:49:50,21.19,70.95,BuildingB_Floor2,TypeB
1091,2025-04-06 03:29:53,34.62,47.46,BuildingB_Floor2,TypeA
1011,2025-04-10 20:34:58,23.04,43.87,BuildingA_Floor1,TypeC
1017,2025-04-07 15:21:47,25.52,67.53,BuildingA_Floor2,TypeA
1048,2025-04-09 05:01:45,23.24,78.12,BuildingB_Floor2,TypeA
1032,2025-04-06 11:34:30,23.54,65.85,BuildingB_Floor2,TypeC
1076,2025-04-08 01:05:33,34.84,71.81,BuildingB_Floor1,TypeC
1033,2025-04-09 14:56:49,32.23,48.05,BuildingB_Floor1,TypeA
1098,2025-04-09 19:06:51,22.01,68.73,BuildingB_Floor1,TypeA
1009,2025-04-10 18:14:50,34.57,61.28,BuildingB_Floor1,TypeB
1007,2025-04-10 22:27:16,21.55,62.12,BuildingB_Floor1,TypeA
1027,2025-04-10 11:10:51,21.57,62.6,BuildingA_Floor2,TypeC
1035,2025-04-10 09:01:14,21.48,62.16,BuildingB_Floor1,TypeB
1051,2025-04-06 09:56:13,18.68,46.02,BuildingA_Floor2,TypeC
1096,2025-04-07 13:30:02,27.42,73.69,BuildingA_Floor2,TypeA
1033,2025-04-10 11:05:50,28.96,78.49,BuildingA_Floor1,TypeB
1054,2025-04-06 19:15:32,32.66,78.2,BuildingB_Floor2,TypeB
1009,2025-04-09 12:00:39,34.24,52.43,BuildingA_Floor1,TypeA
1099,2025-04-07 03:10:48,32.25,71.83,BuildingA_Floor1,TypeB
1061,2025-04-08 19:32:17,29.42,71.61,BuildingB_Floor1,TypeC
1084,2025-04-07 04:14:11,30.39,74.25,BuildingB_Floor1,TypeA
1014,2025-04-08 14:19:04,34.75,45.76,BuildingA_Floor1,TypeB
1056,2025-04-10 17:54:03,31.13,57.33,BuildingB_Floor1,TypeC
1064,2025-04-07 17:09:02,19.99,54.94,BuildingA_Floor1,TypeA
1093,2025-04-09 22:34:29,29.28,40.47,BuildingA_Floor1,TypeC
1069,2025-04-09 19:36:55,16.75,43.98,BuildingA_Floor2,TypeA
1086,2025-04-08 15:01:16,18.75,65.18,BuildingA_Floor1,TypeB
1024,2025-04-09 20:32:48,15.23,59.07,BuildingB_Floor1,TypeB
1038,2025-04-08 00:08:48,16.9,59.34,BuildingB_Floor1,TypeB
1088,2025-04-08 11:41:05,20.52,69.66,BuildingB_Floor2,TypeB
1057,2025-04-10 20:59:06,20.36,47.88,BuildingA_Floor1,TypeB
1058,2025-04-06 05:52:25,16.13,61.04,BuildingB_Floor1,TypeC
1052,2025-04-07 15:06:25,32.9,40.8,BuildingA_Floor2,TypeB
1071,2025-04-10 22:22:31,30.86,31.99,BuildingA_Floor1,TypeC
1085,2025-04-07 07:38:55,18.12,46.64,BuildingA_Floor2,TypeC
1001,2025-04-08 03:42:26,19.37,50.53,BuildingA_Floor1,TypeC
1010,2025-04-08 18:28:16,20.88,72.01,BuildingA_Floor2,TypeC
1053,2025-04-10 02:03:50,15.58,45.13,BuildingB_Floor1,TypeC
1017,2025-04-08 00:53:42,17.02,65.77,BuildingB_Floor1,TypeB
1000,2025-04-10 00:44:47,22.61,39.47,BuildingA_Floor2,TypeC
1021,2025-04-08 07:37:16,33.45,62.36,BuildingB_Floor2,TypeC
1067,2025-04-06 05:25:18,25.16,50.72,BuildingB_Floor1,TypeB
1058,2025-04-10 08:43:43,19.76,57.82,BuildingB_Floor1,TypeB
1099,2025-04-08 20:34:44,24.97,34.78,BuildingB_Floor2,TypeA
1097,2025-04-07 13:18:34,20.65,47.69,BuildingB_Floor1,TypeA
1022,2025-04-10 04:57:11,22.23,52.89,BuildingB_Floor2,TypeB
1017,2025-04-10 07:49:27,20.5,46.76,BuildingB_Floor1,TypeB
1010,2025-04-09 18:03:35,29.86,69.4,BuildingB_Floor2,TypeC
1085,2025-04-06 08:43:57,28.28,64.35,BuildingA_Floor2,TypeB
1042,2025-04-10 10:20:31,15.02,75.62,BuildingB_Floor1,TypeA
1032,2025-04-09 04:32:50,17.65,38.0,BuildingA_Floor2,TypeC
1053,2025-04-06 14:23:27,16.22,42.38,BuildingA_Floor1,TypeC
1050,2025-04-09 07:33:05,24.85,54.12,BuildingB_Floor2,TypeC
1080,2025-04-09 07:23:27,28.09,70.58,BuildingA_Floor2,TypeA
1031,2025-04-07 14:15:36,17.55,66.75,BuildingB_Floor2,TypeC
1090,2025-04-08 20:34:16,16.36,52.45,BuildingA_Floor1,TypeB
1030,2025-04-08 23:00:21,23.21,63.31,BuildingA_Floor2,TypeA
1097,2025-04-06 08:28:24,25.23,50.32,BuildingA_Floor2,TypeB
1012,2025-04-07 17:11:37,15.08,48.99,BuildingB_Floor1,TypeC
1007,2025-04-06 18:34:13,26.53,31.94,BuildingB_Floor1,TypeC
1013,2025-04-07 15:16:13,30.25,73.9,BuildingA_Floor2,TypeB
1008,2025-04-07 15:13:24,16.06,59.94,BuildingB_Floor1,TypeB
1098,2025-04-09 19:59:13,26.82,41.12,BuildingA_Floor1,TypeA
1048,2025-04-08 19:05:23,22.35,78.94,BuildingB_Floor2,TypeC
1030,2025-04-10 21:25:58,22.65,31.04,BuildingB_Floor1,TypeA
1005,2025-04-06 23:13:02,25.33,67.12,BuildingB_Floor1,TypeB
1006,2025-04-06 05:50:59,33.71,34.95,BuildingA_Floor2,TypeB
1067,2025-04-07 21:10:11,26.34,59.79,BuildingB_Floor1,TypeC
1078,2025-04-09 04:06:38,18.74,48.65,BuildingB_Floor1,TypeC
1056,2025-04-09 05:51:08,25.67,69.6,BuildingA_Floor2,TypeA
1006,2025-04-11 03:11:10,25.22,78.33,BuildingB_Floor2,TypeB
1029,2025-04-10 12:04:58,16.97,61.67,BuildingB_Floor1,TypeC
1042,2025-04-08 03:20:36,24.99,33.71,BuildingA_Floor1,TypeC
1039,2025-04-06 03:29:27,20.83,37.73,BuildingB_Floor2,TypeA
1095,2025-04-07 16:11:39,22.28,48.24,BuildingB_Floor1,TypeA
1094,2025-04-09 11:09:17,26.53,39.28,BuildingA_Floor1,TypeC
1088,2025-04-06 05:58:57,34.84,47.12,BuildingB_Floor2,TypeB
1052,2025-04-06 08:33:59,15.33,47.8,BuildingA_Floor2,TypeB
1070,2025-04-07 06:00:43,18.25,40.79,BuildingA_Floor1,TypeA
1039,2025-04-07 11:23:17,28.53,33.05,BuildingB_Floor2,TypeB
1065,2025-04-08 05:55:18,16.35,61.22,BuildingB_Floor2,TypeC
1032,2025-04-06 09:36:56,15.26,44.4,BuildingB_Floor1,TypeB
1025,2025-04-07 13:13:31,30.64,30.47,BuildingB_Floor2,TypeB
1100,2025-04-10 16:02:38,29.3,68.8,BuildingA_Floor2,TypeB
1100,2025-04-09 18:04:16,27.38,34.59,BuildingA_Floor2,TypeC
1032,2025-04-08 02:42:47,32.8,64.87,BuildingB_Floor2,TypeB
1039,2025-04-09 03:48:39,34.6,57.27,BuildingB_Floor1,TypeC
1092,2025-04-06 21:38:40,23.76,72.63,BuildingB_Floor1,TypeB
1049,2025-04-11 02:52:44,31.97,48.98,BuildingA_Floor2,TypeB
1038,2025-04-06 05:54:21,34.5,57.36,BuildingA_Floor1,TypeC
1056,2025-04-07 21:21:55,32.9,49.17,BuildingA_Floor1,TypeC
1000,2025-04-07 19:19:22,16.27,43.95,BuildingA_Floor2,TypeC
1045,2025-04-08 10:59:41,19.89,76.13,BuildingB_Floor1,TypeA
1039,2025-04-08 23:38:27,18.36,54.9,BuildingA_Floor2,TypeB
1032,2025-04-09 07:22:00,15.08,31.79,BuildingB_Floor1,TypeC
1052,2025-04-06 07:05:25,20.97,42.55,BuildingA_Floor2,TypeB
1100,2025-04-10 20:29:13,16.16,50.32,BuildingA_Floor1,TypeA
1007,2025-04-07 07:20:04,32.22,37.34,BuildingB_Floor2,TypeB
1064,2025-04-06 23:48:19,21.06,64.41,BuildingA_Floor1,TypeC
1100,2025-04-07 10:00:24,19.6,66.75,BuildingB_Floor1,TypeA
1003,2025-04-10 23:59:20,29.0,76.59,BuildingB_Floor1,TypeB
1016,2025-04-06 09:10:19,19.81,63.25,BuildingB_Floor1,TypeA
1045,2025-04-07 01:05:49,15.96,40.44,BuildingB_Floor2,TypeC
1008,2025-04-07 19:53:31,27.52,57.0,BuildingA_Floor2,TypeC
1025,2025-04-10 05:52:52,16.06,64.64,BuildingB_Floor2,TypeB
1071,2025-04-07 06:28:07,22.17,71.12,BuildingB_Floor2,TypeC
1062,2025-04-06 18:37:50,20.22,48.25,BuildingA_Floor1,TypeB
1066,2025-04-07 21:33:41,19.91,54.45,BuildingB_Floor2,TypeB
1032,2025-04-07 01:36:56,15.85,42.83,BuildingA_Floor1,TypeA
1063,2025-04-10 18:16:08,30.34,72.07,BuildingA_Floor2,TypeB
1053,2025-04-09 17:41:00,23.32,40.09,BuildingA_Floor1,TypeB
1033,2025-04-08 03:20:14,32.73,44.73,BuildingA_Floor2,TypeB
1086,2025-04-10 07:27:19,31.86,65.1,BuildingB_Floor1,TypeC
1026,2025-04-08 01:14:54,30.69,59.82,BuildingA_Floor2,TypeA
1045,2025-04-09 16:34:50,29.06,35.46,BuildingB_Floor1,TypeA
1054,2025-04-10 13:55:12,33.27,60.29,BuildingB_Floor2,TypeA
1028,2025-04-06 16:32:48,16.78,51.4,BuildingA_Floor2,TypeC
1036,2025-04-08 06:48:24,20.31,46.82,BuildingB_Floor1,TypeA
1000,2025-04-10 23:24:45,16.32,46.54,BuildingA_Floor2,TypeC
1040,2025-04-08 01:31:40,25.63,67.64,BuildingB_Floor2,TypeB
1033,2025-04-11 00:23:10,31.41,47.1,BuildingB_Floor1,TypeC
1002,2025-04-09 05:04:50,30.01,59.04,BuildingA_Floor2,TypeA
1087,2025-04-08 18:09:01,27.16,74.75,BuildingA_Floor2,TypeA
1025,2025-04-07 12:41:12,27.8,37.22,BuildingB_Floor1,TypeB
1087,2025-04-10 11:55:00,26.53,32.33,BuildingB_Floor2,TypeA
1089,2025-04-09 17:05:51,23.71,38.3,BuildingA_Floor1,TypeB
1075,2025-04-10 14:42:01,34.66,53.17,BuildingB_Floor1,TypeC
1014,2025-04-10 13:17:22,33.97,44.85,BuildingA_Floor2,TypeC
1057,2025-04-10 18:58:08,33.95,40.97,BuildingB_Floor2,TypeB
1068,2025-04-09 13:45:04,29.47,70.78,BuildingB_Floor2,TypeB
1074,2025-04-11 02:47:01,15.42,39.18,BuildingB_Floor1,TypeC
1046,2025-04-07 21:22:26,23.47,70.37,BuildingB_Floor1,TypeC
1054,2025-04-06 07:41:53,28.76,43.78,BuildingA_Floor2,TypeA
1077,2025-04-06 19:57:07,17.32,69.0,BuildingA_Floor1,TypeA
1073,2025-04-06 15:46:12,25.94,75.26,BuildingB_Floor2,TypeC
1031,2025-04-07 21:27:12,21.82,35.76,BuildingB_Floor2,TypeB
1040,2025-04-07 10:52:30,20.21,45.37,BuildingA_Floor1,TypeB
1033,2025-04-08 22:55:52,17.45,42.33,BuildingA_Floor2,TypeC
1096,2025-04-09 01:35:25,33.93,49.33,BuildingA_Floor1,TypeC
1042,2025-04-06 20:57:00,19.32,63.47,BuildingA_Floor1,TypeC
1044,2025-04-06 10:14:40,30.71,71.0,BuildingB_Floor1,TypeA
1020,2025-04-07 14:31:38,15.66,57.66,BuildingA_Floor2,TypeC
1089,2025-04-07 12:58:18,26.69,59.81,BuildingA_Floor1,TypeC
1003,2025-04-09 18:45:26,21.75,73.77,BuildingB_Floor2,TypeA
1021,2025-04-10 08:05:29,20.67,61.91,BuildingB_Floor1,TypeB
1036,2025-04-07 02:21:12,15.39,38.29,BuildingB_Floor2,TypeC
1059,2025-04-08 09:40:15,20.12,33.23,BuildingB_Floor2,TypeC
1062,2025-04-08 05:30:50,17.64,35.72,BuildingB_Floor1,TypeB
1071,2025-04-10 06:53:04,33.86,40.54,BuildingA_Floor1,TypeB
1096,2025-04-10 17:20:25,24.67,73.85,BuildingB_Floor2,TypeA
1011,2025-04-08 10:06:42,15.24,38.18,BuildingA_Floor1,TypeC
1081,2025-04-08 11:10:15,20.65,54.95,BuildingA_Floor1,TypeA
1049,2025-04-09 16:55:56,19.1,30.35,BuildingB_Floor1,TypeC
1041,2025-04-09 11:20:02,34.42,38.76,BuildingB_Floor2,TypeB
1004,2025-04-10 16:57:52,23.88,69.59,BuildingA_Floor2,TypeC
1008,2025-04-10 04:03:36,29.68,70.88,BuildingA_Floor2,TypeC
1071,2025-04-07 21:37:20,26.77,39.36,BuildingA_Floor1,TypeA
1075,2025-04-09 11:09:43,33.97,60.04,BuildingA_Floor2,TypeB
1091,2025-04-06 08:35:39,20.01,75.4,BuildingB_Floor1,TypeC
1005,2025-04-09 15:07:06,30.99,73.28,BuildingA_Floor2,TypeB
1015,2025-04-08 09:06:52,24.66,40.76,BuildingB_Floor1,TypeC
1066,2025-04-10 09:22:51,21.93,76.41,BuildingA_Floor1,TypeC
1011,2025-04-06 15:09:12,19.11,66.49,BuildingA_Floor1,TypeA
1020,2025-04-08 23:59:58,15.88,56.91,BuildingA_Floor2,TypeC
1003,2025-04-06 10:30:05,24.15,75.98,BuildingB_Floor1,TypeC
1026,2025-04-10 07:31:55,17.35,59.26,BuildingB_Floor1,TypeB
1029,2025-04-08 05:44:34,21.24,72.55,BuildingA_Floor2,TypeA
1022,2025-04-10 01:05:45,17.04,70.62,BuildingA_Floor2,TypeA
1100,2025-04-09 07:25:42,29.39,34.78,BuildingB_Floor2,TypeC
1031,2025-04-08 12:32:27,29.65,35.6,BuildingA_Floor1,TypeC
1028,2025-04-09 14:27:21,31.68,61.85,BuildingB_Floor2,TypeB
1028,2025-04-07 17:51:25,22.97,59.0,BuildingA_Floor2,TypeC
1080,2025-04-08 00:03:45,16.77,53.14,BuildingB_Floor2,TypeB
1049,2025-04-08 02:09:04,21.39,77.06,BuildingA_Floor1,TypeC
1083,2025-04-10 08:17:06,23.92,66.45,BuildingB_Floor1,TypeB
1064,2025-04-09 02:21:17,18.16,40.94,BuildingA_Floor2,TypeA
1092,2025-04-09 03:00:20,20.8,45.04,BuildingB_Floor2,TypeC
1031,2025-04-10 11:03:44,30.33,30.4,BuildingA_Floor2,TypeA
1053,2025-04-09 20:39:36,17.61,33.94,BuildingA_Floor1,TypeA
1087,2025-04-06 07:34:09,15.0,62.39,BuildingA_Floor1,TypeB
1048,2025-04-10 03:46:54,17.94,74.91,BuildingA_Floor2,TypeA
1050,2025-04-06 12:24:03,16.39,42.73,BuildingA_Floor2,TypeA
1052,2025-04-10 00:13:24,16.52,58.15,BuildingA_Floor2,TypeC
1091,2025-04-10 20:59:09,27.05,34.84,BuildingA_Floor1,TypeB
1024,2025-04-08 14:11:12,16.9,43.48,BuildingB_Floor1,TypeC
1074,2025-04-09 05:01:10,18.81,44.56,BuildingB_Floor2,TypeC
1095,2025-04-07 16:26:09,34.66,67.34,BuildingA_Floor1,TypeB
1036,2025-04-07 12:26:18,25.79,79.21,BuildingA_Floor2,TypeB
1042,2025-04-06 04:37:46,20.84,31.38,BuildingA_Floor2,TypeC
1042,2025-04-09 19:47:58,20.25,51.08,BuildingB_Floor2,TypeB
1069,2025-04-06 04:46:42,26.97,56.38,BuildingB_Floor2,TypeA
1054,2025-04-06 23:54:12,18.04,39.17,BuildingA_Floor1,TypeB
1011,2025-04-08 21:55:41,33.08,31.98,BuildingA_Floor1,TypeC
1078,2025-04-08 12:52:53,26.79,72.36,BuildingB_Floor1,TypeC
1050,2025-04-10 18:55:39,17.97,39.33,BuildingB_Floor2,TypeC
1078,2025-04-10 11:46:05,28.46,34.87,BuildingA_Floor1,TypeA
1034,2025-04-06 07:57:30,26.82,73.12,BuildingA_Floor1,TypeA
1039,2025-04-11 02:34:06,19.77,46.43,BuildingB_Floor2,TypeA
1023,2025-04-10 22:17:44,30.85,33.14,BuildingA_Floor2,TypeA
1064,2025-04-08 05:30:52,18.86,78.17,BuildingA_Floor2,TypeC
1041,2025-04-09 06:58:50,17.88,33.12,BuildingB_Floor2,TypeC
1095,2025-04-09 21:47:29,26.18,77.89,BuildingA_Floor1,TypeC
1021,2025-04-10 23:38:02,16.73,73.99,BuildingB_Floor1,TypeC
1056,2025-04-07 19:59:17,16.61,31.27,BuildingB_Floor2,TypeA
1070,2025-04-07 15:21:03,32.89,56.76,BuildingA_Floor1,TypeC
1038,2025-04-07 16:04:38,27.92,46.6,BuildingB_Floor2,TypeC
1017,2025-04-07 19:37:22,20.31,69.47,BuildingB_Floor1,TypeC
1018,2025-04-10 16:11:04,27.63,71.59,BuildingA_Floor2,TypeC
1100,2025-04-10 03:08:03,15.31,34.96,BuildingB_Floor1,TypeC
1073,2025-04-06 09:39:07,22.62,39.85,BuildingA_Floor1,TypeA
1066,2025-04-10 20:37:42,25.68,72.46,BuildingA_Floor1,TypeB
1000,2025-04-06 14:26:04,18.04,47.98,BuildingA_Floor2,TypeA
1006,2025-04-10 23:25:53,18.13,62.72,BuildingA_Floor1,TypeA
1029,2025-04-09 08:36:12,33.53,31.47,BuildingB_Floor1,TypeC
1082,2025-04-08 01:00:11,19.58,58.5,BuildingB_Floor2,TypeA
1020,2025-04-07 13:17:15,16.08,74.11,BuildingA_Floor2,TypeA
1083,2025-04-10 08:29:42,25.45,78.95,BuildingB_Floor1,TypeB
1016,2025-04-06 07:00:49,33.11,59.14,BuildingB_Floor2,TypeA
1060,2025-04-09 09:30:42,19.35,55.44,BuildingA_Floor1,TypeA
1083,2025-04-09 21:00:28,17.13,37.93,BuildingB_Floor1,TypeB
1052,2025-04-07 21:16:28,25.19,69.48,BuildingA_Floor1,TypeB
1090,2025-04-06 04:18:27,29.14,78.38,BuildingA_Floor2,TypeB
1009,2025-04-06 15:02:38,25.87,74.01,BuildingA_Floor1,TypeC
1044,2025-04-10 10:44:04,27.75,64.33,BuildingB_Floor2,TypeA
1087,2025-04-10 14:07:09,20.88,63.86,BuildingA_Floor1,TypeA
1037,2025-04-10 01:03:05,32.0,74.36,BuildingA_Floor1,TypeB
1038,2025-04-07 11:53:40,24.64,79.03,BuildingB_Floor2,TypeB
1003,2025-04-09 01:00:09,26.94,69.45,BuildingB_Floor1,TypeC
1036,2025-04-09 16:33:26,19.97,46.44,BuildingA_Floor2,TypeB
1099,2025-04-10 07:27:35,20.93,51.15,BuildingB_Floor1,TypeC
1084,2025-04-06 13:32:34,20.48,41.52,BuildingB_Floor2,TypeA
1038,2025-04-08 18:26:53,22.82,60.96,BuildingB_Floor1,TypeA
1038,2025-04-08 04:41:52,32.75,49.48,BuildingA_Floor2,TypeB
1008,2025-04-08 05:32:24,21.06,73.48,BuildingA_Floor1,TypeB
1007,2025-04-10 05:15:42,30.57,52.16,BuildingB_Floor2,TypeC
1024,2025-04-10 08:24:28,16.76,30.92,BuildingA_Floor1,TypeB
1009,2025-04-10 17:50:34,24.84,36.57,BuildingB_Floor1,TypeB
1000,2025-04-07 08:53:03,25.62,64.74,BuildingA_Floor1,TypeA
1000,2025-04-07 22:40:31,26.05,31.85,BuildingB_Floor1,TypeA
1070,2025-04-08 21:41:15,19.46,58.82,BuildingA_Floor2,TypeC
1002,2025-04-06 15:10:58,18.25,59.71,BuildingB_Floor1,TypeC
1071,2025-04-06 03:18:26,34.69,70.23,BuildingB_Floor1,TypeC
1023,2025-04-07 20:27:01,27.07,68.14,BuildingB_Floor1,TypeB
1019,2025-04-06 19:09:32,26.82,35.97,BuildingA_Floor1,TypeA
1061,2025-04-10 05:47:57,22.04,78.82,BuildingA_Floor2,TypeB
1095,2025-04-09 20:25:20,16.97,50.73,BuildingB_Floor2,TypeC
1097,2025-04-07 18:24:06,17.59,52.67,BuildingB_Floor1,TypeC
1051,2025-04-11 01:46:41,30.19,67.11,BuildingB_Floor1,TypeA
1099,2025-04-06 06:47:32,18.52,76.31,BuildingB_Floor2,TypeC
1007,2025-04-09 13:26:39,22.29,54.38,BuildingA_Floor2,TypeC
1047,2025-04-07 00:33:01,22.07,76.48,BuildingA_Floor1,TypeB
1097,2025-04-06 07:39:37,24.27,59.47,BuildingB_Floor1,TypeA
1012,2025-04-08 14:13:48,29.16,59.93,BuildingA_Floor2,TypeA
1083,2025-04-09 05:46:09,30.11,34.89,BuildingA_Floor2,TypeA
1010,2025-04-10 11:53:59,27.77,33.87,BuildingA_Floor2,TypeB
1004,2025-04-10 02:05:35,32.29,60.04,BuildingA_Floor2,TypeB
1030,2025-04-10 14:54:26,20.59,56.81,BuildingB_Floor2,TypeA
1005,2025-04-07 18:08:19,26.61,32.24,BuildingA_Floor1,TypeB
1047,2025-04-09 11:31:24,25.94,37.96,BuildingA_Floor1,TypeA
1056,2025-04-08 11:48:50,17.57,69.86,BuildingB_Floor2,TypeA
1026,2025-04-10 04:14:22,20.65,36.08,BuildingB_Floor1,TypeB
1025,2025-04-06 04:39:33,23.15,67.68,BuildingB_Floor2,TypeB
1016,2025-04-08 16:33:13,16.72,70.69,BuildingB_Floor1,TypeB
1085,2025-04-08 06:14:02,15.25,32.35,BuildingB_Floor2,TypeC
1090,2025-04-09 14:44:13,26.18,77.79,BuildingA_Floor1,TypeA
1028,2025-04-06 16:28:14,25.98,53.98,BuildingA_Floor2,TypeC
1089,2025-04-10 03:47:42,29.43,46.21,BuildingA_Floor1,TypeA
1025,2025-04-06 07:05:16,23.9,43.81,BuildingA_Floor2,TypeB
1055,2025-04-08 22:58:45,20.8,45.48,BuildingA_Floor2,TypeB
1013,2025-04-10 08:34:53,32.47,38.84,BuildingA_Floor2,TypeA
1067,2025-04-06 20:55:35,22.46,47.47,BuildingA_Floor1,TypeB
1021,2025-04-08 08:20:15,23.37,65.68,BuildingA_Floor1,TypeB
1083,2025-04-08 07:12:21,32.33,52.96,BuildingA_Floor2,TypeC
1018,2025-04-09 19:07:11,27.32,42.55,BuildingB_Floor2,TypeB
1019,2025-04-06 10:48:29,24.95,33.79,BuildingA_Floor2,TypeC
1066,2025-04-10 19:18:37,19.36,52.92,BuildingA_Floor1,TypeB
1044,2025-04-08 12:32:38,19.93,37.06,BuildingB_Floor2,TypeB
1081,2025-04-07 20:49:30,21.07,53.61,BuildingA_Floor2,TypeB
1088,2025-04-07 13:14:06,24.98,41.35,BuildingB_Floor1,TypeC
1036,2025-04-08 20:34:39,34.19,76.73,BuildingA_Floor2,TypeB
1038,2025-04-09 18:39:45,22.19,70.22,BuildingA_Floor1,TypeB
1003,2025-04-09 09:57:41,17.99,63.9,BuildingB_Floor1,TypeC
1074,2025-04-09 06:44:02,26.06,62.79,BuildingB_Floor2,TypeA
1012,2025-04-09 19:16:43,34.02,68.57,BuildingA_Floor1,TypeB
1095,2025-04-06 17:44:46,30.6,44.96,BuildingA_Floor1,TypeA
1056,2025-04-06 06:25:23,30.49,46.99,BuildingA_Floor1,TypeC
1087,2025-04-07 15:01:30,29.58,42.06,BuildingB_Floor1,TypeC
1048,2025-04-07 07:21:41,21.89,64.69,BuildingA_Floor1,TypeA
1086,2025-04-07 01:00:06,18.73,51.49,BuildingA_Floor1,TypeC
1079,2025-04-09 12:05:45,28.08,46.69,BuildingA_Floor1,TypeB
1100,2025-04-09 05:08:25,32.07,62.18,BuildingA_Floor1,TypeB
1015,2025-04-08 12:50:05,34.62,59.17,BuildingB_Floor2,TypeA
1051,2025-04-10 12:47:20,19.21,51.22,BuildingA_Floor2,TypeA
1046,2025-04-06 07:29:13,20.01,32.53,BuildingA_Floor2,TypeA
1081,2025-04-07 17:20:29,18.14,62.54,BuildingA_Floor1,TypeB
1023,2025-04-07 17:59:40,26.96,71.24,BuildingB_Floor1,TypeA
1023,2025-04-08 21:39:42,29.72,34.11,BuildingB_Floor1,TypeB
1047,2025-04-09 16:40:44,28.79,34.69,BuildingA_Floor1,TypeC
1031,2025-04-08 21:08:31,16.83,54.38,BuildingA_Floor2,TypeB
1040,2025-04-08 06:32:15,21.94,43.49,BuildingA_Floor2,TypeB
1096,2025-04-08 00:19:15,16.97,63.04,BuildingA_Floor2,TypeC
1068,2025-04-10 00:21:21,26.15,38.36,BuildingA_Floor2,TypeC
1031,2025-04-10 03:52:32,21.59,75.53,BuildingA_Floor1,TypeB
1073,2025-04-08 01:17:03,19.24,76.1,BuildingB_Floor1,TypeA
1009,2025-04-08 09:29:58,21.99,32.44,BuildingA_Floor1,TypeA
1031,2025-04-09 22:38:56,27.18,62.0,BuildingB_Floor2,TypeB
1083,2025-04-07 13:52:40,34.19,64.25,BuildingA_Floor1,TypeB
1031,2025-04-09 04:02:52,29.46,79.49,BuildingB_Floor2,TypeC
1085,2025-04-06 12:31:51,17.93,68.43,BuildingA_Floor1,TypeA
1009,2025-04-07 19:15:54,26.97,65.33,BuildingA_Floor1,TypeB
1100,2025-04-09 02:35:43,24.0,72.69,BuildingA_Floor1,TypeC
1031,2025-04-09 20:40:13,28.36,53.68,BuildingB_Floor2,TypeC
1076,2025-04-06 22:19:57,31.16,47.84,BuildingB_Floor2,TypeC
1051,2025-04-08 18:13:15,18.9,77.5,BuildingA_Floor1,TypeB
1079,2025-04-10 15:41:28,29.81,47.38,BuildingA_Floor2,TypeA
1038,2025-04-09 20:00:00,23.86,56.49,BuildingB_Floor2,TypeB
1058,2025-04-06 14:58:49,15.34,39.07,BuildingA_Floor2,TypeB
1063,2025-04-07 04:56:39,20.59,65.56,BuildingA_Floor2,TypeB
1065,2025-04-09 17:52:43,26.51,74.69,BuildingB_Floor1,TypeA
1021,2025-04-08 08:01:49,34.92,62.22,BuildingB_Floor1,TypeC
1000,2025-04-08 16:58:19,19.13,64.59,BuildingA_Floor1,TypeA
1004,2025-04-08 02:43:42,34.28,43.72,BuildingB_Floor1,TypeB
1081,2025-04-09 08:36:14,33.2,66.47,BuildingB_Floor1,TypeC
1086,2025-04-07 04:43:08,18.69,68.88,BuildingA_Floor2,TypeB
1014,2025-04-09 00:26:46,28.78,40.27,BuildingB_Floor2,TypeB
1057,2025-04-07 05:43:59,33.07,69.52,BuildingA_Floor1,TypeA
1095,2025-04-09 20:32:02,22.27,61.5,BuildingB_Floor2,TypeC
1097,2025-04-08 04:06:23,27.99,40.04,BuildingB_Floor1,TypeB
1045,2025-04-07 10:04:15,28.39,78.85,BuildingB_Floor1,TypeA
1053,2025-04-09 07:48:26,30.74,58.82,BuildingB_Floor2,TypeA
1045,2025-04-09 03:21:46,26.57,37.41,BuildingB_Floor1,TypeC
1056,2025-04-08 05:50:13,30.81,40.98,BuildingA_Floor1,TypeB
1097,2025-04-08 08:36:07,18.84,33.34,BuildingA_Floor2,TypeA
1020,2025-04-09 11:00:12,26.88,76.49,BuildingB_Floor1,TypeC
1057,2025-04-07 01:50:33,30.5,69.45,BuildingB_Floor1,TypeA
1038,2025-04-06 12:15:45,25.92,31.19,BuildingB_Floor1,TypeC
1096,2025-04-07 05:40:56,20.26,39.39,BuildingA_Floor2,TypeC
1060,2025-04-10 02:20:32,34.29,36.16,BuildingA_Floor1,TypeB
1032,2025-04-08 07:36:03,19.36,61.71,BuildingA_Floor2,TypeC
1077,2025-04-10 04:22:23,24.04,33.1,BuildingB_Floor1,TypeA
1043,2025-04-06 18:01:24,23.63,71.8,BuildingA_Floor2,TypeA
1008,2025-04-07 13:02:18,22.06,30.58,BuildingA_Floor2,TypeB
1002,2025-04-06 05:03:50,25.93,41.83,BuildingB_Floor1,TypeA
1068,2025-04-09 09:47:04,30.96,45.84,BuildingA_Floor1,TypeA
1036,2025-04-06 19:08:46,29.89,69.72,BuildingA_Floor1,TypeC
1049,2025-04-08 01:59:37,23.69,77.73,BuildingA_Floor1,TypeA
1097,2025-04-10 13:20:58,34.11,52.12,BuildingA_Floor2,TypeA
1098,2025-04-10 07:42:27,23.52,78.16,BuildingA_Floor1,TypeA
1016,2025-04-07 07:36:43,16.88,41.62,BuildingB_Floor1,TypeA
1051,2025-04-09 01:18:37,22.74,77.76,BuildingB_Floor2,TypeC
1089,2025-04-09 11:34:25,20.52,60.57,BuildingA_Floor2,TypeA
1077,2025-04-07 09:53:24,33.06,79.22,BuildingA_Floor2,TypeA
1094,2025-04-06 08:21:18,30.07,49.78,BuildingA_Floor1,TypeA
1048,2025-04-09 04:10:44,28.82,41.96,BuildingA_Floor2,TypeB
1062,2025-04-09 16:38:57,32.37,61.77,BuildingB_Floor2,TypeC
1085,2025-04-06 04:55:29,20.2,38.19,BuildingA_Floor1,TypeB
1043,2025-04-10 07:33:31,31.41,76.54,BuildingA_Floor2,TypeC
1028,2025-04-06 07:01:06,19.96,51.38,BuildingB_Floor1,TypeC
1048,2025-04-10 23:19:39,27.85,40.54,BuildingB_Floor1,TypeB
1053,2025-04-09 12:52:18,24.21,34.72,BuildingB_Floor2,TypeC
1021,2025-04-09 14:36:48,28.9,51.08,BuildingA_Floor2,TypeC
1052,2025-04-06 04:12:20,30.9,32.05,BuildingB_Floor2,TypeB
1056,2025-04-07 23:21:20,16.14,65.72,BuildingB_Floor2,TypeA
1095,2025-04-10 05:32:19,21.96,37.68,BuildingB_Floor2,TypeC
1094,2025-04-10 05:04:59,29.81,71.37,BuildingA_Floor1,TypeA
1043,2025-04-10 03:19:41,18.65,41.71,BuildingA_Floor1,TypeA
1072,2025-04-07 02:33:45,18.22,47.84,BuildingB_Floor2,TypeC
1037,2025-04-09 00:39:13,27.09,66.01,BuildingB_Floor2,TypeA
1069,2025-04-11 03:13:36,18.84,40.4,BuildingA_Floor2,TypeA
1034,2025-04-10 22:12:02,17.91,71.59,BuildingB_Floor2,TypeA
1063,2025-04-10 02:08:59,25.66,67.19,BuildingA_Floor2,TypeA
1028,2025-04-09 15:20:17,15.98,75.27,BuildingB_Floor2,TypeB
1083,2025-04-10 09:12:55,32.56,45.01,BuildingA_Floor1,TypeC
1038,2025-04-08 11:54:04,25.39,74.76,BuildingB_Floor1,TypeC
1004,2025-04-07 08:41:26,25.54,37.46,BuildingB_Floor2,TypeA
1086,2025-04-10 00:50:01,29.58,60.03,BuildingA_Floor1,TypeB
1058,2025-04-10 04:53:53,16.7,34.99,BuildingB_Floor2,TypeA
1096,2025-04-09 19:27:10,23.84,66.23,BuildingB_Floor1,TypeA
1073,2025-04-07 03:29:07,19.72,30.57,BuildingB_Floor1,TypeB
1011,2025-04-10 16:38:11,17.33,39.8,BuildingB_Floor2,TypeB
1089,2025-04-09 18:34:45,15.46,77.74,BuildingA_Floor1,TypeA
1043,2025-04-08 16:19:46,17.43,67.47,BuildingA_Floor2,TypeA
1037,2025-04-07 19:52:01,18.42,31.27,BuildingB_Floor2,TypeB
1023,2025-04-10 06:24:34,15.31,34.49,BuildingA_Floor2,TypeC
1047,2025-04-10 17:52:04,26.56,41.62,BuildingA_Floor2,TypeB
1017,2025-04-06 04:05:01,26.01,71.88,BuildingB_Floor1,TypeC
1045,2025-04-08 08:08:05,29.52,42.73,BuildingA_Floor2,TypeB
1071,2025-04-07 11:36:23,33.06,49.1,BuildingA_Floor2,TypeA
1065,2025-04-09 16:30:48,21.92,56.11,BuildingB_Floor1,TypeA
1018,2025-04-07 11:30:55,21.84,37.74,BuildingB_Floor2,TypeB
1077,2025-04-07 20:39:36,23.3,54.3,BuildingB_Floor2,TypeB
1010,2025-04-09 09:55:37,27.63,47.83,BuildingB_Floor1,TypeB
1042,2025-04-08 22:30:28,23.71,31.86,BuildingA_Floor2,TypeC
1048,2025-04-10 11:22:50,19.3,66.11,BuildingA_Floor1,TypeB
1032,2025-04-10 15:58:44,31.49,77.61,BuildingA_Floor1,TypeB
1060,2025-04-09 12:36:08,26.08,54.11,BuildingB_Floor2,TypeB
1001,2025-04-10 05:34:11,23.26,59.51,BuildingA_Floor1,TypeC
1074,2025-04-06 15:20:47,31.5,65.55,BuildingB_Floor1,TypeB
1045,2025-04-07 21:12:01,17.01,37.89,BuildingA_Floor1,TypeC
1050,2025-04-08 08:47:43,29.79,46.63,BuildingA_Floor2,TypeA
1003,2025-04-10 22:33:07,17.44,42.5,BuildingB_Floor1,TypeC
1090,2025-04-10 04:57:25,22.42,60.33,BuildingB_Floor1,TypeC
1041,2025-04-08 03:06:52,34.69,79.85,BuildingA_Floor2,TypeC
1038,2025-04-08 14:25:47,16.53,76.06,BuildingA_Floor1,TypeA
1028,2025-04-10 02:41:48,21.63,33.93,BuildingA_Floor2,TypeB
1043,2025-04-06 22:37:42,34.3,40.62,BuildingA_Floor2,TypeC
1075,2025-04-06 19:45:18,31.41,39.68,BuildingB_Floor2,TypeB
1019,2025-04-09 05:07:09,32.27,34.31,BuildingB_Floor1,TypeB
1025,2025-04-09 20:15:04,18.36,67.24,BuildingA_Floor2,TypeB
1088,2025-04-08 07:29:27,15.64,47.19,BuildingB_Floor1,TypeB
1027,2025-04-09 18:12:44,20.39,76.68,BuildingB_Floor1,TypeC
1083,2025-04-07 08:43:53,20.29,73.58,BuildingA_Floor2,TypeB
1095,2025-04-07 04:20:02,19.76,74.36,BuildingA_Floor2,TypeC
1053,2025-04-07 00:22:48,19.39,47.42,BuildingB_Floor1,TypeA
1035,2025-04-07 07:13:05,22.04,39.72,BuildingA_Floor1,TypeB
1057,2025-04-09 12:11:09,26.9,58.62,BuildingA_Floor2,TypeA
1067,2025-04-06 08:51:10,25.62,67.31,BuildingA_Floor1,TypeA
1091,2025-04-07 13:39:59,24.17,56.67,BuildingA_Floor1,TypeC
1010,2025-04-08 01:20:17,25.62,31.33,BuildingB_Floor2,TypeB
1009,2025-04-09 15:10:24,18.89,69.43,BuildingA_Floor1,TypeC
1023,2025-04-07 05:18:20,34.45,57.5,BuildingB_Floor1,TypeB
1019,2025-04-09 16:21:01,18.21,56.43,BuildingB_Floor2,TypeB
1062,2025-04-06 14:31:17,21.67,76.95,BuildingA_Floor1,TypeB
1047,2025-04-07 16:58:49,25.4,57.17,BuildingA_Floor1,TypeA
1085,2025-04-09 00:34:42,32.62,34.31,BuildingB_Floor1,TypeC
1039,2025-04-10 16:02:11,24.77,77.36,BuildingA_Floor2,TypeB
1076,2025-04-07 18:51:52,18.78,58.07,BuildingA_Floor2,TypeA
1026,2025-04-10 14:03:29,18.87,70.5,BuildingA_Floor1,TypeB
1057,2025-04-06 08:27:20,26.75,71.71,BuildingA_Floor2,TypeB
1083,2025-04-09 18:55:46,22.84,41.07,BuildingA_Floor2,TypeB
1088,2025-04-07 00:23:51,21.65,69.62,BuildingB_Floor2,TypeA
1013,2025-04-10 16:17:40,24.06,77.06,BuildingB_Floor2,TypeB
1017,2025-04-10 00:53:02,17.62,76.79,BuildingB_Floor2,TypeB
1090,2025-04-07 22:53:44,21.73,37.0,BuildingA_Floor2,TypeC
1021,2025-04-07 05:28:18,17.41,75.14,BuildingB_Floor2,TypeC
1096,2025-04-10 17:20:33,34.21,30.22,BuildingB_Floor2,TypeC
1072,2025-04-10 08:03:52,34.23,49.86,BuildingA_Floor2,TypeA
1049,2025-04-07 22:35:36,17.61,30.07,BuildingB_Floor2,TypeC
1038,2025-04-06 12:11:43,28.85,57.53,BuildingB_Floor2,TypeC
1085,2025-04-10 05:39:31,34.24,32.0,BuildingA_Floor1,TypeA
1080,2025-04-10 12:53:25,24.83,49.49,BuildingA_Floor1,TypeA
1002,2025-04-06 17:31:36,15.81,46.94,BuildingA_Floor2,TypeB
1038,2025-04-09 13:37:20,26.12,75.85,BuildingB_Floor1,TypeA
1072,2025-04-10 05:01:56,24.82,44.25,BuildingB_Floor2,TypeA
1092,2025-04-06 12:15:58,29.7,63.0,BuildingA_Floor2,TypeA
1007,2025-04-08 22:02:54,16.66,53.21,BuildingA_Floor2,TypeB
1067,2025-04-10 14:15:03,23.78,48.54,BuildingA_Floor2,TypeB
1049,2025-04-08 09:19:30,22.08,56.18,BuildingB_Floor2,TypeB
1005,2025-04-07 16:31:52,17.33,74.18,BuildingA_Floor2,TypeB
1000,2025-04-10 20:03:23,29.88,52.24,BuildingA_Floor2,TypeA
1091,2025-04-06 13:08:13,26.04,53.53,BuildingA_Floor1,TypeA
1080,2025-04-08 21:32:38,28.3,65.55,BuildingB_Floor1,TypeC
1089,2025-04-06 03:45:00,33.8,65.95,BuildingB_Floor1,TypeA
1049,2025-04-08 00:10:09,31.59,47.17,BuildingA_Floor2,TypeC
1086,2025-04-09 02:01:11,23.09,55.29,BuildingA_Floor2,TypeB
1024,2025-04-07 19:51:40,19.72,72.5,BuildingA_Floor1,TypeC
1065,2025-04-09 14:27:39,30.83,37.74,BuildingA_Floor1,TypeA
1029,2025-04-11 00:26:40,15.95,42.19,BuildingA_Floor2,TypeB
1060,2025-04-07 14:21:33,21.94,56.13,BuildingA_Floor2,TypeA
1008,2025-04-09 01:25:03,21.1,58.04,BuildingA_Floor1,TypeC
1045,2025-04-06 06:42:57,19.88,38.21,BuildingB_Floor1,TypeC
1038,2025-04-06 20:47:23,20.75,79.84,BuildingB_Floor2,TypeA
1047,2025-04-08 22:21:54,26.07,71.05,BuildingA_Floor2,TypeC
1091,2025-04-07 11:19:51,25.9,68.2,BuildingB_Floor2,TypeA
1080,2025-04-09 14:57:52,25.38,39.24,BuildingA_Floor1,TypeA
1081,2025-04-07 10:43:27,29.53,42.24,BuildingB_Floor2,TypeC
1032,2025-04-10 07:28:15,17.6,52.08,BuildingA_Floor2,TypeB
1079,2025-04-10 21:37:52,33.13,56.14,BuildingB_Floor1,TypeB
1091,2025-04-08 11:22:22,17.05,37.14,BuildingB_Floor1,TypeB
1058,2025-04-06 07:08:20,27.11,78.47,BuildingB_Floor1,TypeA
1077,2025-04-09 04:10:43,29.74,78.75,BuildingA_Floor1,TypeA
1074,2025-04-09 04:18:45,28.77,53.17,BuildingB_Floor2,TypeB
1065,2025-04-10 19:24:16,25.15,41.87,BuildingB_Floor1,TypeC
1024,2025-04-10 04:17:14,20.47,48.92,BuildingA_Floor1,TypeB
1043,2025-04-07 14:54:49,21.41,77.87,BuildingA_Floor1,TypeB
1062,2025-04-07 16:10:59,34.62,58.7,BuildingB_Floor1,TypeA
1100,2025-04-07 21:15:02,23.66,55.0,BuildingB_Floor2,TypeB
1046,2025-04-08 19:34:30,33.44,76.15,BuildingA_Floor1,TypeB
1014,2025-04-08 10:57:18,20.24,79.58,BuildingA_Floor2,TypeA
1033,2025-04-07 14:18:52,15.36,52.59,BuildingA_Floor2,TypeB
1000,2025-04-07 16:39:30,18.69,67.41,BuildingB_Floor1,TypeB
1083,2025-04-06 12:13:16,34.84,79.52,BuildingB_Floor1,TypeB
1058,2025-04-07 06:46:28,32.27,65.69,BuildingB_Floor2,TypeA
1089,2025-04-09 17:29:11,27.86,67.7,BuildingA_Floor1,TypeA
1063,2025-04-08 11:18:07,29.24,42.49,BuildingA_Floor2,TypeB
1027,2025-04-08 23:06:02,33.2,60.75,BuildingA_Floor1,TypeB
1067,2025-04-10 02:51:17,15.14,64.79,BuildingA_Floor1,TypeC
1083,2025-04-08 02:54:32,25.72,76.47,BuildingA_Floor2,TypeB
1048,2025-04-08 01:31:52,28.63,37.79,BuildingA_Floor1,TypeA
1057,2025-04-06 08:01:26,27.25,64.83,BuildingB_Floor2,TypeA
1090,2025-04-11 02:52:58,26.74,76.72,BuildingB_Floor2,TypeA
1042,2025-04-06 09:51:07,23.0,38.28,BuildingB_Floor1,TypeC
1062,2025-04-08 20:14:08,22.42,55.45,BuildingA_Floor1,TypeC
1048,2025-04-06 04:20:43,33.06,57.85,BuildingB_Floor2,TypeA
1016,2025-04-08 13:00:55,19.98,42.47,BuildingA_Floor1,TypeA
1045,2025-04-09 15:10:35,29.42,61.09,BuildingA_Floor1,TypeA
1065,2025-04-08 13:24:11,33.31,42.76,BuildingB_Floor2,TypeB
1099,2025-04-09 00:37:48,19.02,47.31,BuildingA_Floor1,TypeC
1059,2025-04-07 12:47:27,33.46,69.55,BuildingA_Floor2,TypeC
1042,2025-04-11 01:40:11,25.54,67.48,BuildingA_Floor1,TypeA
1015,2025-04-10 03:31:29,32.08,51.53,BuildingB_Floor1,TypeA
1090,2025-04-07 17:58:48,34.67,63.0,BuildingA_Floor1,TypeA
1054,2025-04-09 15:19:24,19.19,76.16,BuildingB_Floor2,TypeC
1094,2025-04-07 15:37:44,20.5,30.69,BuildingA_Floor2,TypeA
1047,2025-04-08 12:41:28,26.14,36.5,BuildingA_Floor1,TypeA
1100,2025-04-09 23:56:40,20.12,76.82,BuildingA_Floor1,TypeC
1086,2025-04-11 01:34:40,24.38,70.07,BuildingB_Floor1,TypeC
1072,2025-04-08 00:21:50,17.19,75.77,BuildingA_Floor2,TypeB
1085,2025-04-11 01:44:20,33.11,72.89,BuildingB_Floor1,TypeB
1074,2025-04-08 14:26:29,27.85,64.54,BuildingA_Floor1,TypeB
1052,2025-04-08 01:10:43,15.3,36.79,BuildingA_Floor2,TypeC
1023,2025-04-08 13:41:39,30.78,61.76,BuildingA_Floor1,TypeB
1088,2025-04-10 14:05:39,15.39,69.67,BuildingA_Floor2,TypeB
1095,2025-04-09 09:49:10,34.95,45.99,BuildingB_Floor1,TypeB
1006,2025-04-07 03:57:57,26.12,34.43,BuildingA_Floor2,TypeA
1075,2025-04-10 18:05:46,27.71,67.39,BuildingB_Floor2,TypeA
1086,2025-04-06 20:40:38,19.01,78.49,BuildingA_Floor1,TypeC
1006,2025-04-10 01:27:52,20.73,46.07,BuildingB_Floor1,TypeB
1051,2025-04-08 05:09:30,24.05,65.01,BuildingA_Floor2,TypeA
1030,2025-04-07 23:57:38,31.35,59.69,BuildingB_Floor2,TypeC
1077,2025-04-09 02:12:56,21.32,59.18,BuildingB_Floor1,TypeA
1079,2025-04-08 05:20:54,17.53,52.17,BuildingA_Floor2,TypeC
1048,2025-04-07 07:31:57,27.06,41.62,BuildingA_Floor2,TypeA
1080,2025-04-08 10:25:40,22.6,75.84,BuildingB_Floor1,TypeA
1017,2025-04-06 20:49:21,31.78,30.16,BuildingB_Floor1,TypeB
1024,2025-04-07 12:03:51,30.87,44.71,BuildingA_Floor1,TypeC
1038,2025-04-08 21:16:02,22.46,63.41,BuildingA_Floor1,TypeB
1032,2025-04-10 06:09:07,25.77,40.99,BuildingB_Floor2,TypeC
1064,2025-04-10 20:27:14,22.0,45.44,BuildingB_Floor1,TypeB
1091,2025-04-07 15:54:35,27.67,69.79,BuildingB_Floor1,TypeB
1001,2025-04-07 03:46:21,22.62,57.32,BuildingA_Floor2,TypeC
1000,2025-04-10 09:41:15,25.65,69.38,BuildingB_Floor1,TypeC
1037,2025-04-08 17:13:06,28.67,46.24,BuildingB_Floor2,TypeB
1071,2025-04-10 09:10:15,33.34,47.08,BuildingB_Floor2,TypeB
1095,2025-04-08 17:42:50,18.68,35.67,BuildingA_Floor1,TypeC
1047,2025-04-08 01:02:36,24.06,56.36,BuildingB_Floor2,TypeB
1053,2025-04-08 07:11:37,17.66,47.58,BuildingB_Floor1,TypeA
1056,2025-04-06 22:57:12,23.99,76.62,BuildingB_Floor2,TypeB
1029,2025-04-10 08:56:16,16.32,66.33,BuildingA_Floor1,TypeB
1080,2025-04-09 11:32:03,16.45,65.0,BuildingB_Floor1,TypeA
1049,2025-04-08 15:12:56,25.07,34.15,BuildingB_Floor2,TypeB
1079,2025-04-07 13:36:16,30.66,55.31,BuildingA_Floor2,TypeC
1093,2025-04-08 04:38:30,23.34,71.89,BuildingA_Floor2,TypeC
1067,2025-04-06 05:33:31,15.67,66.17,BuildingB_Floor2,TypeA
1016,2025-04-10 11:47:27,15.14,61.61,BuildingB_Floor2,TypeC
1022,2025-04-09 00:15:33,33.89,78.54,BuildingB_Floor1,TypeA
1097,2025-04-10 02:42:45,23.8,33.88,BuildingB_Floor2,TypeA
1056,2025-04-07 11:18:03,32.8,50.13,BuildingA_Floor1,TypeC
1070,2025-04-07 21:21:26,24.0,78.36,BuildingB_Floor1,TypeA
1073,2025-04-09 17:33:58,26.74,54.56,BuildingA_Floor2,TypeA
1074,2025-04-06 04:34:05,34.09,41.97,BuildingA_Floor2,TypeB
1044,2025-04-09 12:08:07,15.78,38.76,BuildingB_Floor2,TypeC
1055,2025-04-08 03:56:29,33.86,67.57,BuildingB_Floor2,TypeA
1064,2025-04-08 16:03:20,22.19,35.45,BuildingB_Floor2,TypeA
1021,2025-04-08 00:52:03,20.19,77.6,BuildingA_Floor2,TypeC
1053,2025-04-06 23:24:42,25.86,41.68,BuildingA_Floor1,TypeB
1067,2025-04-09 03:19:40,21.28,48.78,BuildingB_Floor2,TypeC
1058,2025-04-08 04:36:48,20.21,51.48,BuildingB_Floor1,TypeB
1046,2025-04-10 18:07:24,26.31,67.85,BuildingA_Floor2,TypeA
1093,2025-04-09 08:41:54,23.79,63.54,BuildingB_Floor2,TypeA
1058,2025-04-07 14:36:14,16.34,71.41,BuildingB_Floor2,TypeC
1079,2025-04-08 12:28:04,27.45,64.72,BuildingA_Floor1,TypeB
1057,2025-04-07 20:32:56,21.66,41.86,BuildingB_Floor1,TypeB
1081,2025-04-07 17:10:53,33.55,70.31,BuildingB_Floor2,TypeA
1029,2025-04-09 10:31:14,30.62,73.97,BuildingA_Floor1,TypeA
1059,2025-04-09 21:39:45,29.0,33.99,BuildingB_Floor1,TypeB
1035,2025-04-11 02:37:57,17.24,77.28,BuildingB_Floor2,TypeC
1010,2025-04-06 13:12:48,32.43,54.07,BuildingA_Floor2,TypeC
1064,2025-04-06 21:28:02,16.43,41.92,BuildingA_Floor1,TypeA
1093,2025-04-10 20:52:26,18.45,54.95,BuildingA_Floor2,TypeC
1003,2025-04-06 12:56:11,15.5,70.77,BuildingA_Floor1,TypeA
1013,2025-04-07 18:50:28,30.22,32.8,BuildingA_Floor2,TypeC
1046,2025-04-08 13:30:20,32.25,63.23,BuildingB_Floor2,TypeB
1001,2025-04-06 09:25:47,32.6,40.83,BuildingB_Floor1,TypeB
1005,2025-04-07 04:05:16,28.87,46.68,BuildingB_Floor2,TypeC
1011,2025-04-10 05:12:02,31.78,51.6,BuildingB_Floor2,TypeC
1057,2025-04-08 21:29:45,34.68,78.83,BuildingA_Floor1,TypeC
1000,2025-04-09 22:01:03,15.62,37.0,BuildingA_Floor2,TypeC
1008,2025-04-09 20:12:25,20.91,54.03,BuildingA_Floor2,TypeB
1071,2025-04-09 10:01:45,19.99,55.51,BuildingB_Floor2,TypeA
1089,2025-04-07 23:29:17,16.6,63.27,BuildingB_Floor2,TypeB
1088,2025-04-06 16:25:24,15.52,47.05,BuildingA_Floor1,TypeC
1088,2025-04-07 05:09:18,23.66,66.19,BuildingB_Floor1,TypeC
1092,2025-04-07 16:48:17,23.38,39.18,BuildingB_Floor1,TypeC
1070,2025-04-07 05:50:01,21.21,51.42,BuildingA_Floor1,TypeB
1077,2025-04-06 05:32:38,34.41,51.8,BuildingA_Floor1,TypeB
1014,2025-04-08 14:36:23,18.05,48.09,BuildingB_Floor2,TypeB
1031,2025-04-10 06:15:01,27.14,52.87,BuildingB_Floor2,TypeB
1023,2025-04-06 23:53:43,29.46,58.87,BuildingA_Floor1,TypeC
1063,2025-04-09 00:27:58,33.63,57.47,BuildingB_Floor2,TypeC
1085,2025-04-11 02:07:22,18.71,37.94,BuildingB_Floor2,TypeC
1060,2025-04-10 11:39:39,26.85,73.23,BuildingA_Floor2,TypeB
1021,2025-04-09 04:37:56,26.37,46.15,BuildingB_Floor2,TypeA
1065,2025-04-11 00:41:01,27.63,38.37,BuildingA_Floor1,TypeC
1024,2025-04-08 22:45:16,25.13,39.98,BuildingA_Floor2,TypeC
1024,2025-04-06 19:22:24,24.24,71.92,BuildingB_Floor2,TypeA
1044,2025-04-10 04:44:47,28.37,66.84,BuildingA_Floor2,TypeC
1026,2025-04-10 09:43:14,20.09,70.95,BuildingA_Floor2,TypeA
1093,2025-04-10 04:31:52,19.69,65.93,BuildingB_Floor2,TypeC
1015,2025-04-07 08:56:16,19.38,36.67,BuildingA_Floor2,TypeC
1086,2025-04-09 21:41:05,29.06,61.68,BuildingB_Floor1,TypeB
1044,2025-04-10 06:36:21,34.87,61.44,BuildingA_Floor2,TypeC
1005,2025-04-07 15:01:15,26.33,50.22,BuildingB_Floor2,TypeA
1067,2025-04-08 22:55:28,32.1,41.97,BuildingA_Floor1,TypeB
1066,2025-04-07 07:15:40,31.96,62.22,BuildingB_Floor1,TypeA
1023,2025-04-07 02:47:37,15.12,48.06,BuildingB_Floor1,TypeC
1064,2025-04-08 14:23:58,19.68,41.49,BuildingB_Floor1,TypeA
1073,2025-04-08 14:03:15,19.28,45.59,BuildingB_Floor2,TypeB
1037,2025-04-08 08:20:31,30.89,52.18,BuildingA_Floor1,TypeA
1097,2025-04-07 00:58:12,15.13,74.51,BuildingA_Floor1,TypeC
1088,2025-04-06 06:37:44,26.33,74.37,BuildingA_Floor2,TypeC
1053,2025-04-09 15:05:02,25.45,68.29,BuildingB_Floor2,TypeB
1100,2025-04-07 08:04:30,21.11,69.45,BuildingB_Floor1,TypeA
1007,2025-04-09 10:57:58,33.21,39.78,BuildingA_Floor1,TypeA
1063,2025-04-09 13:10:19,26.91,56.93,BuildingA_Floor1,TypeA
1074,2025-04-08 04:13:12,30.49,74.09,BuildingA_Floor1,TypeC
1062,2025-04-07 21:00:46,15.52,32.08,BuildingA_Floor2,TypeC
1079,2025-04-10 07:17:27,22.67,33.74,BuildingA_Floor1,TypeB
1025,2025-04-07 08:39:53,26.34,38.45,BuildingA_Floor1,TypeA
1031,2025-04-07 00:28:39,25.41,34.68,BuildingA_Floor1,TypeA
1016,2025-04-08 20:02:52,33.44,71.19,BuildingB_Floor1,TypeA
1064,2025-04-10 02:09:37,16.77,33.76,BuildingB_Floor2,TypeA
1052,2025-04-06 22:40:21,26.47,32.98,BuildingA_Floor1,TypeC
1065,2025-04-10 20:58:11,31.87,52.5,BuildingB_Floor1,TypeC
1082,2025-04-09 22:12:19,18.81,63.05,BuildingA_Floor2,TypeC
1076,2025-04-10 21:38:54,17.51,38.29,BuildingA_Floor1,TypeB
1046,2025-04-06 09:52:04,27.9,41.29,BuildingB_Floor2,TypeA
1059,2025-04-09 07:30:24,20.81,49.67,BuildingB_Floor1,TypeC
1089,2025-04-09 19:37:19,17.4,70.74,BuildingA_Floor2,TypeB
1021,2025-04-10 21:52:58,30.05,36.65,BuildingB_Floor1,TypeA
1066,2025-04-06 08:05:31,29.85,39.79,BuildingB_Floor1,TypeA
1072,2025-04-07 11:42:38,28.14,36.97,BuildingA_Floor2,TypeB
1023,2025-04-06 07:56:43,27.45,73.7,BuildingB_Floor2,TypeA
1011,2025-04-11 00:10:31,18.34,55.39,BuildingB_Floor1,TypeA
1074,2025-04-08 11:57:51,32.98,46.64,BuildingB_Floor2,TypeB
1043,2025-04-08 19:02:07,26.07,71.09,BuildingA_Floor2,TypeC
1024,2025-04-07 18:13:58,15.08,68.05,BuildingA_Floor1,TypeA
1099,2025-04-07 01:02:35,23.85,65.99,BuildingB_Floor1,TypeA
1095,2025-04-08 17:48:25,21.61,75.33,BuildingA_Floor2,TypeB
1076,2025-04-09 08:20:21,28.08,61.25,BuildingA_Floor2,TypeC
1100,2025-04-10 02:59:49,27.98,53.61,BuildingB_Floor2,TypeB
1051,2025-04-10 00:04:33,21.61,50.5,BuildingB_Floor1,TypeA
1008,2025-04-07 02:23:11,32.55,72.48,BuildingB_Floor1,TypeA
1045,2025-04-09 06:23:48,22.41,64.38,BuildingA_Floor1,TypeA
1044,2025-04-09 21:19:46,19.18,35.69,BuildingA_Floor2,TypeA
1062,2025-04-09 22:32:53,22.16,37.38,BuildingB_Floor2,TypeB
1088,2025-04-09 20:00:34,18.76,36.73,BuildingA_Floor1,TypeA
1041,2025-04-09 10:34:59,32.19,66.36,BuildingB_Floor1,TypeA
1042,2025-04-10 21:53:38,26.35,48.01,BuildingB_Floor1,TypeA
1078,2025-04-11 01:23:40,20.5,63.26,BuildingA_Floor1,TypeB
1018,2025-04-10 16:23:22,28.68,78.28,BuildingA_Floor2,TypeA
1056,2025-04-10 09:18:51,29.35,79.18,BuildingA_Floor2,TypeC
1062,2025-04-08 09:06:32,21.6,34.05,BuildingB_Floor1,TypeB
1004,2025-04-06 23:24:38,33.52,39.04,BuildingB_Floor1,TypeA
1071,2025-04-06 10:50:20,34.41,68.54,BuildingA_Floor1,TypeC
1051,2025-04-08 23:03:36,32.5,33.8,BuildingA_Floor2,TypeB
1082,2025-04-10 03:50:19,32.48,30.81,BuildingB_Floor2,TypeB
1057,2025-04-08 06:53:30,28.62,32.85,BuildingA_Floor2,TypeB
1029,2025-04-09 12:43:32,24.17,60.87,BuildingB_Floor2,TypeA
1064,2025-04-06 06:04:35,20.65,74.68,BuildingA_Floor2,TypeC
1095,2025-04-09 03:49:05,22.88,55.87,BuildingA_Floor2,TypeC
1038,2025-04-07 22:36:05,18.22,69.27,BuildingA_Floor2,TypeC
1013,2025-04-07 21:25:23,31.17,72.12,BuildingB_Floor1,TypeA
1076,2025-04-07 04:09:45,29.27,67.11,BuildingB_Floor1,TypeA
1054,2025-04-09 11:09:56,27.63,42.3,BuildingA_Floor1,TypeA
1044,2025-04-09 23:09:55,24.13,79.0,BuildingA_Floor2,TypeB
1086,2025-04-10 11:25:36,24.55,34.46,BuildingB_Floor1,TypeB
1066,2025-04-11 02:46:59,31.98,70.64,BuildingA_Floor1,TypeC
1095,2025-04-09 02:19:34,19.25,77.6,BuildingB_Floor2,TypeB
1074,2025-04-09 15:55:26,29.64,59.11,BuildingB_Floor1,TypeC
1007,2025-04-08 13:28:48,18.99,45.64,BuildingA_Floor2,TypeB
1088,2025-04-08 14:47:18,30.27,31.53,BuildingB_Floor1,TypeB
1037,2025-04-10 21:01:40,32.45,35.73,BuildingA_Floor2,TypeA
1083,2025-04-10 05:56:19,21.55,54.64,BuildingA_Floor1,TypeA
1070,2025-04-06 05:23:23,16.61,59.44,BuildingA_Floor1,TypeC
1013,2025-04-06 06:53:25,19.3,68.17,BuildingB_Floor1,TypeA
1028,2025-04-06 10:42:53,32.2,41.98,BuildingB_Floor1,TypeA
1074,2025-04-09 22:34:37,32.82,50.71,BuildingB_Floor1,TypeC
1089,2025-04-08 05:39:46,16.97,48.08,BuildingA_Floor2,TypeB
1015,2025-04-09 04:16:55,19.98,79.37,BuildingA_Floor2,TypeA
1059,2025-04-11 01:11:38,32.41,61.19,BuildingB_Floor2,TypeC
1042,2025-04-10 07:04:09,29.03,75.13,BuildingA_Floor1,TypeA
1076,2025-04-10 12:24:08,28.93,64.99,BuildingB_Floor1,TypeA
1093,2025-04-08 14:41:45,23.38,32.69,BuildingA_Floor1,TypeB
1001,2025-04-06 22:49:11,29.56,74.9,BuildingA_Floor2,TypeB
1076,2025-04-06 10:01:42,31.89,62.86,BuildingB_Floor2,TypeA
1071,2025-04-09 20:19:45,16.16,53.12,BuildingA_Floor1,TypeA
1012,2025-04-10 19:41:33,25.0,68.08,BuildingA_Floor2,TypeB
1038,2025-04-10 00:44:41,21.11,56.77,BuildingA_Floor1,TypeC
1045,2025-04-08 21:14:13,31.98,59.8,BuildingB_Floor1,TypeA
1054,2025-04-10 22:35:27,32.86,38.68,BuildingA_Floor1,TypeB
1071,2025-04-07 03:56:49,24.1,76.12,BuildingA_Floor1,TypeB
1083,2025-04-06 13:44:16,23.23,68.41,BuildingB_Floor2,TypeA
1070,2025-04-10 15:40:44,27.15,49.06,BuildingA_Floor2,TypeB
1086,2025-04-11 01:31:11,27.61,66.4,BuildingB_Floor1,TypeC
1048,2025-04-09 09:18:46,25.38,56.52,BuildingB_Floor1,TypeB
1028,2025-04-06 19:49:04,19.31,70.29,BuildingB_Floor1,TypeB
1029,2025-04-09 02:03:03,34.13,78.69,BuildingB_Floor1,TypeB
1014,2025-04-08 22:41:42,18.41,59.72,BuildingB_Floor1,TypeC
1026,2025-04-10 22:00:33,33.61,56.12,BuildingA_Floor2,TypeC
1028,2025-04-06 06:20:37,19.31,46.86,BuildingA_Floor1,TypeA
1093,2025-04-07 20:44:01,23.15,69.76,BuildingA_Floor2,TypeA
1074,2025-04-10 06:42:41,32.91,33.01,BuildingA_Floor2,TypeA
1007,2025-04-07 00:42:41,26.89,77.16,BuildingB_Floor2,TypeB
1074,2025-04-09 08:46:12,24.55,79.25,BuildingA_Floor2,TypeB
1086,2025-04-09 04:51:05,15.08,47.12,BuildingB_Floor2,TypeB
1013,2025-04-08 11:42:28,32.63,70.02,BuildingB_Floor1,TypeB
1021,2025-04-06 22:19:24,30.48,68.09,BuildingB_Floor2,TypeA
1097,2025-04-10 17:52:49,17.82,67.9,BuildingA_Floor2,TypeB
1056,2025-04-06 03:21:51,33.46,69.26,BuildingB_Floor1,TypeA
1021,2025-04-06 06:39:09,31.29,48.27,BuildingB_Floor2,TypeB
1070,2025-04-08 07:47:39,22.25,46.87,BuildingB_Floor1,TypeB
1080,2025-04-07 00:57:55,23.19,49.12,BuildingA_Floor2,TypeB
1028,2025-04-07 19:20:49,16.8,68.13,BuildingA_Floor1,TypeB
1041,2025-04-10 01:41:02,28.28,35.92,BuildingA_Floor1,TypeA
1027,2025-04-09 03:49:09,18.2,37.9,BuildingA_Floor2,TypeB
1066,2025-04-10 04:52:42,20.22,79.23,BuildingB_Floor1,TypeC
1064,2025-04-08 16:42:38,34.33,36.77,BuildingB_Floor1,TypeC
1047,2025-04-10 10:56:29,26.34,33.48,BuildingA_Floor1,TypeB
1056,2025-04-06 16:28:21,21.54,50.46,BuildingA_Floor1,TypeB
1027,2025-04-08 09:16:51,20.94,62.41,BuildingB_Floor2,TypeB
1010,2025-04-08 20:08:20,34.09,47.36,BuildingB_Floor1,TypeA
1036,2025-04-10 23:39:33,32.1,41.78,BuildingA_Floor1,TypeB
1014,2025-04-07 16:07:20,19.94,57.01,BuildingA_Floor1,TypeC
1007,2025-04-10 17:54:04,26.67,54.02,BuildingB_Floor1,TypeB
1068,2025-04-08 05:06:40,31.66,77.49,BuildingA_Floor1,TypeA
1058,2025-04-10 11:04:30,22.25,57.92,BuildingA_Floor2,TypeC
1009,2025-04-06 05:05:59,16.64,62.25,BuildingB_Floor2,TypeA
1001,2025-04-07 16:46:25,23.7,58.77,BuildingB_Floor2,TypeB
1013,2025-04-09 20:07:38,33.43,62.28,BuildingA_Floor1,TypeA
1066,2025-04-07 09:22:21,16.34,68.61,BuildingB_Floor2,TypeA
1041,2025-04-11 02:45:34,16.11,70.88,BuildingB_Floor1,TypeA
1062,2025-04-10 08:34:22,34.88,44.62,BuildingA_Floor1,TypeB
1025,2025-04-10 10:05:18,20.42,79.97,BuildingB_Floor1,TypeA
1034,2025-04-08 14:46:44,15.37,61.31,BuildingA_Floor1,TypeB
1019,2025-04-10 00:17:29,22.28,52.36,BuildingA_Floor2,TypeB
1079,2025-04-10 02:12:27,28.23,61.65,BuildingA_Floor2,TypeC
1095,2025-04-06 11:38:08,31.9,55.28,BuildingA_Floor1,TypeA
1036,2025-04-07 05:18:17,32.45,51.7,BuildingB_Floor2,TypeB
1037,2025-04-09 18:45:05,17.68,32.43,BuildingA_Floor1,TypeA
1028,2025-04-07 17:31:39,31.43,66.97,BuildingB_Floor1,TypeA
1014,2025-04-09 15:03:12,34.23,43.04,BuildingA_Floor1,TypeB
1094,2025-04-10 15:45:15,17.25,59.39,BuildingA_Floor2,TypeC
1087,2025-04-09 15:14:47,30.21,47.68,BuildingB_Floor1,TypeA
1056,2025-04-08 02:12:07,29.4,51.04,BuildingB_Floor2,TypeA
1021,2025-04-07 13:30:59,27.27,74.89,BuildingA_Floor1,TypeC
1077,2025-04-06 08:59:30,18.46,60.05,BuildingB_Floor1,TypeA
1051,2025-04-08 08:06:30,28.54,48.26,BuildingA_Floor1,TypeC
1052,2025-04-10 20:21:33,30.94,56.58,BuildingB_Floor1,TypeC
1041,2025-04-08 21:17:06,32.59,61.79,BuildingA_Floor1,TypeA
1019,2025-04-10 16:00:18,32.44,35.1,BuildingB_Floor2,TypeB
1025,2025-04-07 20:46:37,31.59,76.54,BuildingB_Floor2,TypeB
1096,2025-04-07 19:33:29,20.45,77.91,BuildingA_Floor1,TypeA
1045,2025-04-10 20:22:13,31.65,31.45,BuildingA_Floor2,TypeB
1023,2025-04-06 13:05:02,30.99,64.31,BuildingB_Floor2,TypeC
1030,2025-04-07 10:16:14,32.16,36.93,BuildingB_Floor1,TypeA
1056,2025-04-10 17:04:22,19.32,72.59,BuildingB_Floor2,TypeA
1082,2025-04-06 14:04:17,32.03,50.76,BuildingB_Floor2,TypeB
1045,2025-04-07 10:31:22,27.44,30.39,BuildingA_Floor2,TypeC
1011,2025-04-10 06:43:33,28.11,70.95,BuildingA_Floor1,TypeB
1088,2025-04-10 07:49:11,15.65,44.16,BuildingB_Floor2,TypeB
1096,2025-04-07 13:00:38,15.12,38.5,BuildingA_Floor1,TypeA
1002,2025-04-08 21:47:01,19.04,48.89,BuildingA_Floor1,TypeC
1042,2025-04-07 03:06:59,31.68,70.59,BuildingB_Floor1,TypeC
1037,2025-04-10 00:27:39,24.33,72.38,BuildingB_Floor1,TypeA
1011,2025-04-06 04:15:40,28.56,45.37,BuildingA_Floor1,TypeA
1067,2025-04-10 14:19:14,20.58,44.51,BuildingB_Floor1,TypeC
1011,2025-04-10 19:21:39,27.33,69.31,BuildingB_Floor2,TypeC
1082,2025-04-09 18:17:51,21.5,66.71,BuildingA_Floor1,TypeB
1048,2025-04-06 07:10:11,26.13,34.8,BuildingA_Floor1,TypeB
1081,2025-04-10 04:27:37,25.88,46.07,BuildingB_Floor1,TypeB
1024,2025-04-07 15:24:48,31.9,40.26,BuildingB_Floor2,TypeA
1019,2025-04-10 13:12:41,18.78,31.11,BuildingA_Floor1,TypeA
1046,2025-04-10 02:23:35,21.92,42.01,BuildingB_Floor2,TypeC
1014,2025-04-07 17:25:51,20.11,49.67,BuildingB_Floor2,TypeB
1013,2025-04-10 18:42:45,29.51,66.31,BuildingA_Floor1,TypeA
1056,2025-04-08 10:41:37,21.29,77.31,BuildingA_Floor2,TypeB
1007,2025-04-10 14:53:43,18.04,37.42,BuildingB_Floor2,TypeA
1069,2025-04-06 17:00:13,21.77,41.02,BuildingA_Floor1,TypeB
1053,2025-04-07 01:57:01,17.7,39.59,BuildingB_Floor2,TypeA
1097,2025-04-06 17:03:10,29.54,52.39,BuildingB_Floor2,TypeB
1029,2025-04-08 17:17:17,26.12,44.28,BuildingB_Floor1,TypeA
1028,2025-04-09 17:12:56,25.24,77.93,BuildingA_Floor2,TypeB
1091,2025-04-06 16:53:14,20.67,37.91,BuildingB_Floor2,TypeA
1003,2025-04-07 12:08:44,26.28,45.69,BuildingB_Floor1,TypeB
1067,2025-04-08 04:17:48,28.63,76.27,BuildingA_Floor1,TypeA
1070,2025-04-06 07:59:45,23.01,60.33,BuildingA_Floor2,TypeB
1011,2025-04-09 16:43:02,27.58,44.26,BuildingA_Floor2,TypeB
1073,2025-04-06 04:29:41,22.44,64.54,BuildingA_Floor1,TypeC
1042,2025-04-06 14:56:54,27.2,38.14,BuildingB_Floor2,TypeB
1040,2025-04-06 08:33:28,18.62,77.19,BuildingA_Floor2,TypeA
1031,2025-04-06 18:45:13,17.63,54.48,BuildingA_Floor1,TypeC
1002,2025-04-06 04:48:57,24.94,47.68,BuildingB_Floor1,TypeC
1036,2025-04-07 08:47:23,25.12,62.38,BuildingB_Floor2,TypeC
1024,2025-04-06 21:32:23,20.18,48.86,BuildingB_Floor1,TypeB
1094,2025-04-06 22:21:41,20.54,63.55,BuildingA_Floor2,TypeC
1057,2025-04-09 03:37:26,31.85,36.87,BuildingA_Floor2,TypeA
1098,2025-04-06 09:16:32,33.43,48.74,BuildingA_Floor2,TypeA
1012,2025-04-08 19:11:06,15.72,41.52,BuildingA_Floor1,TypeB
1029,2025-04-07 08:48:14,20.26,38.79,BuildingA_Floor2,TypeC
1078,2025-04-09 15:12:45,24.4,57.89,BuildingB_Floor1,TypeA
1096,2025-04-08 06:58:03,17.65,46.09,BuildingA_Floor1,TypeA
1081,2025-04-07 05:31:53,20.08,72.61,BuildingB_Floor2,TypeA
1006,2025-04-08 15:37:15,33.18,36.43,BuildingA_Floor1,TypeB
1082,2025-04-09 14:23:47,16.76,76.01,BuildingA_Floor1,TypeC
1004,2025-04-08 01:45:33,33.53,37.41,BuildingA_Floor2,TypeC
1082,2025-04-10 15:04:12,27.74,44.7,BuildingB_Floor1,TypeB
1031,2025-04-06 04:04:03,31.97,39.04,BuildingB_Floor2,TypeA
1093,2025-04-11 01:49:43,28.59,69.63,BuildingA_Floor1,TypeC
1058,2025-04-06 17:00:48,24.04,74.5,BuildingB_Floor1,TypeA
1096,2025-04-06 15:59:35,30.2,36.88,BuildingB_Floor2,TypeA
1002,2025-04-10 13:29:04,29.01,46.13,BuildingA_Floor2,TypeA
1058,2025-04-10 14:59:18,22.74,39.35,BuildingA_Floor1,TypeC
1081,2025-04-06 19:45:32,20.86,46.03,BuildingA_Floor2,TypeC
1013,2025-04-07 10:40:31,17.57,64.89,BuildingB_Floor1,TypeC
1078,2025-04-07 07:37:01,30.23,40.1,BuildingB_Floor2,TypeB
1032,2025-04-06 04:46:07,30.15,76.28,BuildingB_Floor2,TypeA
1062,2025-04-06 14:32:26,23.28,39.53,BuildingB_Floor1,TypeC
1072,2025-04-07 13:39:07,25.49,46.75,BuildingA_Floor1,TypeC
1040,2025-04-09 21:02:22,22.88,52.13,BuildingB_Floor1,TypeC
1051,2025-04-06 12:27:37,18.97,68.81,BuildingA_Floor2,TypeC
1002,2025-04-06 17:53:40,16.58,45.25,BuildingA_Floor2,TypeB
1022,2025-04-09 21:59:47,23.87,39.4,BuildingB_Floor1,TypeA
1077,2025-04-07 09:23:24,24.13,39.59,BuildingA_Floor1,TypeC
1097,2025-04-10 09:29:30,33.12,56.44,BuildingA_Floor1,TypeA
1070,2025-04-06 05:32:50,34.08,73.93,BuildingB_Floor1,TypeB
1083,2025-04-08 08:24:39,22.31,69.31,BuildingB_Floor1,TypeB
1083,2025-04-10 05:46:08,26.68,64.0,BuildingA_Floor2,TypeC
1069,2025-04-06 07:01:58,15.88,37.58,BuildingA_Floor1,TypeB
1048,2025-04-08 14:25:09,27.39,44.53,BuildingA_Floor1,TypeC
1074,2025-04-06 13:49:54,22.57,54.06,BuildingA_Floor1,TypeA
1100,2025-04-09 04:23:22,23.23,63.5,BuildingA_Floor2,TypeA
1056,2025-04-08 12:47:51,21.12,54.36,BuildingA_Floor2,TypeB
1042,2025-04-07 17:30:10,34.84,56.78,BuildingA_Floor2,TypeA
1023,2025-04-07 22:24:52,25.47,45.21,BuildingB_Floor2,TypeB
1077,2025-04-07 05:51:15,27.86,72.15,BuildingB_Floor2,TypeC
1004,2025-04-07 16:30:54,21.21,69.27,BuildingA_Floor2,TypeC
1097,2025-04-10 17:52:15,19.72,36.09,BuildingB_Floor2,TypeB
1096,2025-04-09 20:05:15,20.34,69.58,BuildingB_Floor2,TypeB
1013,2025-04-08 04:57:21,19.67,52.11,BuildingA_Floor1,TypeC
1062,2025-04-07 04:55:06,19.09,63.89,BuildingB_Floor1,TypeA
1029,2025-04-06 20:47:22,25.7,45.73,BuildingB_Floor2,TypeB
1011,2025-04-11 00:55:09,32.02,65.15,BuildingA_Floor1,TypeB
1044,2025-04-09 20:03:04,20.58,42.47,BuildingA_Floor2,TypeA
1013,2025-04-09 14:24:45,22.81,58.11,BuildingB_Floor1,TypeC
1073,2025-04-08 22:06:46,28.55,63.58,BuildingA_Floor1,TypeA
1097,2025-04-07 16:45:31,20.81,73.33,BuildingA_Floor1,TypeA
1070,2025-04-07 13:56:30,32.84,47.13,BuildingA_Floor1,TypeA
1061,2025-04-06 18:51:34,33.43,35.38,BuildingB_Floor1,TypeC
1064,2025-04-10 18:22:14,34.87,56.31,BuildingA_Floor1,TypeC
1089,2025-04-09 20:51:39,19.0,71.22,BuildingB_Floor1,TypeB
1076,2025-04-06 22:19:02,24.2,47.05,BuildingB_Floor2,TypeC
1100,2025-04-06 10:15:35,29.67,61.53,BuildingB_Floor1,TypeC
1055,2025-04-09 17:11:00,17.05,65.54,BuildingB_Floor2,TypeA
1051,2025-04-08 06:18:10,19.27,55.96,BuildingB_Floor2,TypeC
1002,2025-04-10 18:40:07,23.01,71.88,BuildingB_Floor1,TypeC
1073,2025-04-10 14:17:11,15.18,51.61,BuildingA_Floor1,TypeB
1019,2025-04-07 04:33:50,25.59,47.71,BuildingB_Floor1,TypeC
1040,2025-04-07 21:03:13,19.78,69.46,BuildingB_Floor2,TypeA
1015,2025-04-09 09:31:59,23.74,53.45,BuildingB_Floor1,TypeB
1067,2025-04-10 07:32:59,22.2,38.63,BuildingB_Floor1,TypeC
1007,2025-04-09 03:38:33,33.52,41.97,BuildingB_Floor1,TypeB
1051,2025-04-06 04:48:45,31.25,73.5,BuildingB_Floor1,TypeA
1035,2025-04-06 23:30:28,31.26,50.22,BuildingA_Floor1,TypeB
1076,2025-04-08 00:27:22,24.8,45.82,BuildingB_Floor1,TypeC
1044,2025-04-08 07:24:07,30.16,36.15,BuildingB_Floor1,TypeA
1039,2025-04-09 22:53:45,24.87,31.21,BuildingB_Floor1,TypeB
1043,2025-04-07 14:39:06,27.08,52.57,BuildingB_Floor1,TypeA
1097,2025-04-07 20:58:47,31.11,67.12,BuildingB_Floor1,TypeC
1062,2025-04-07 07:05:37,26.42,38.33,BuildingB_Floor1,TypeA
1045,2025-04-07 17:02:57,31.81,42.52,BuildingA_Floor1,TypeC
1013,2025-04-08 12:00:37,21.6,51.46,BuildingA_Floor1,TypeB
1046,2025-04-07 18:53:54,32.55,79.3,BuildingA_Floor2,TypeB
1077,2025-04-07 23:12:25,34.44,72.12,BuildingB_Floor1,TypeB
1050,2025-04-08 22:41:31,29.28,43.96,BuildingA_Floor1,TypeC
1003,2025-04-10 07:59:27,30.85,49.66,BuildingB_Floor2,TypeA
1048,2025-04-10 13:59:16,15.49,46.49,BuildingA_Floor2,TypeC
1089,2025-04-07 17:32:06,21.41,49.16,BuildingA_Floor2,TypeB
1025,2025-04-06 05:29:39,15.61,39.3,BuildingB_Floor2,TypeC
1001,2025-04-07 18:35:37,28.8,32.91,BuildingB_Floor1,TypeB
1047,2025-04-08 05:00:46,16.34,61.99,BuildingB_Floor1,TypeB
1001,2025-04-07 14:05:43,29.95,51.29,BuildingA_Floor1,TypeA
1045,2025-04-09 19:12:58,16.66,59.78,BuildingB_Floor1,TypeB
1028,2025-04-09 07:11:12,31.0,52.21,BuildingB_Floor2,TypeC
1014,2025-04-08 18:47:52,23.13,61.22,BuildingA_Floor1,TypeB
1058,2025-04-09 00:59:57,30.51,66.67,BuildingB_Floor2,TypeB
1024,2025-04-09 02:25:26,30.02,52.87,BuildingB_Floor1,TypeC
1092,2025-04-10 11:47:34,32.78,63.34,BuildingB_Floor1,TypeC
1031,2025-04-06 07:00:49,30.65,71.2,BuildingB_Floor2,TypeB
1072,2025-04-06 04:21:43,22.55,39.15,BuildingB_Floor1,TypeA
1036,2025-04-09 02:35:55,22.47,64.89,BuildingA_Floor2,TypeA
1042,2025-04-06 15:50:37,17.22,40.85,BuildingB_Floor2,TypeA
1029,2025-04-09 11:45:49,15.61,31.34,BuildingB_Floor2,TypeA
1090,2025-04-10 06:38:22,31.66,58.33,BuildingA_Floor2,TypeA
1092,2025-04-09 22:30:09,16.71,50.15,BuildingB_Floor1,TypeC
1082,2025-04-07 06:59:01,29.11,57.65,BuildingB_Floor1,TypeC
1083,2025-04-06 20:59:12,24.79,34.83,BuildingA_Floor2,TypeC
1015,2025-04-10 20:03:29,30.48,69.54,BuildingB_Floor2,TypeB
1044,2025-04-08 05:47:34,21.75,74.6,BuildingA_Floor2,TypeA
1039,2025-04-09 01:05:56,19.91,42.23,BuildingB_Floor2,TypeB
1031,2025-04-10 18:46:50,34.5,70.01,BuildingB_Floor1,TypeC
1030,2025-04-06 13:52:53,26.04,39.61,BuildingA_Floor1,TypeB
1024,2025-04-06 04:29:16,16.49,74.8,BuildingB_Floor2,TypeB
1066,2025-04-09 05:11:27,31.88,55.3,BuildingB_Floor1,TypeA
1088,2025-04-06 16:35:09,21.0,49.25,BuildingB_Floor2,TypeB
1039,2025-04-11 02:18:11,31.16,47.94,BuildingB_Floor2,TypeA
1092,2025-04-06 16:22:14,31.72,54.44,BuildingA_Floor2,TypeA
1070,2025-04-09 06:48:09,32.66,74.19,BuildingA_Floor1,TypeA
1005,2025-04-09 07:59:01,32.19,31.32,BuildingB_Floor2,TypeB
1025,2025-04-07 15:25:16,34.88,31.67,BuildingA_Floor1,TypeC
1025,2025-04-07 15:07:17,17.25,79.42,BuildingB_Floor1,TypeC
1025,2025-04-06 03:33:30,18.32,44.59,BuildingA_Floor1,TypeC
1030,2025-04-08 06:11:08,19.85,68.43,BuildingB_Floor2,TypeA
1083,2025-04-07 08:58:03,19.58,39.07,BuildingA_Floor2,TypeB
1070,2025-04-09 10:33:23,18.14,33.62,BuildingB_Floor1,TypeB
1004,2025-04-08 19:51:00,22.88,76.64,BuildingB_Floor2,TypeB
1062,2025-04-07 17:26:03,22.27,52.26,BuildingB_Floor1,TypeB
1016,2025-04-08 23:12:34,20.76,36.12,BuildingB_Floor2,TypeB
1038,2025-04-11 02:34:01,33.03,68.87,BuildingB_Floor1,TypeB
1007,2025-04-07 10:11:42,26.4,55.61,BuildingB_Floor1,TypeB
1014,2025-04-06 05:18:42,25.29,72.5,BuildingA_Floor2,TypeB
1024,2025-04-10 13:01:58,20.54,75.79,BuildingA_Floor2,TypeB
1052,2025-04-11 02:01:59,33.51,77.65,BuildingA_Floor2,TypeA
1077,2025-04-09 00:38:02,21.05,59.72,BuildingB_Floor1,TypeA
1096,2025-04-08 13:24:54,25.66,63.16,BuildingA_Floor1,TypeA
1088,2025-04-09 19:41:10,25.66,57.86,BuildingA_Floor1,TypeC
1084,2025-04-08 14:27:37,30.99,42.04,BuildingA_Floor2,TypeB
1019,2025-04-09 15:24:43,21.26,41.47,BuildingB_Floor1,TypeC
1065,2025-04-09 19:44:58,20.86,76.09,BuildingB_Floor1,TypeB
1042,2025-04-09 01:12:01,29.06,66.98,BuildingB_Floor2,TypeA
1072,2025-04-07 08:16:20,33.09,60.29,BuildingB_Floor2,TypeC
1096,2025-04-10 14:53:28,21.83,31.75,BuildingA_Floor2,TypeB
1010,2025-04-09 05:43:44,34.38,41.37,BuildingB_Floor2,TypeA
1083,2025-04-08 02:53:59,20.52,58.66,BuildingA_Floor2,TypeC
1070,2025-04-09 23:48:28,21.37,41.35,BuildingB_Floor1,TypeC
1069,2025-04-10 15:45:55,17.68,44.32,BuildingB_Floor1,TypeC
1066,2025-04-10 13:22:39,27.71,46.51,BuildingA_Floor2,TypeB
1050,2025-04-08 11:29:46,17.04,53.15,BuildingB_Floor1,TypeA
1065,2025-04-09 20:19:53,28.08,39.13,BuildingA_Floor1,TypeA
1096,2025-04-10 15:28:49,23.22,56.55,BuildingA_Floor2,TypeB
1090,2025-04-07 14:24:23,34.59,54.11,BuildingB_Floor1,TypeB
1041,2025-04-07 13:39:25,25.72,65.63,BuildingA_Floor2,TypeC
1066,2025-04-09 10:02:42,15.91,65.1,BuildingA_Floor2,TypeB
1001,2025-04-09 06:18:10,33.78,53.39,BuildingA_Floor2,TypeB
1059,2025-04-06 20:01:06,17.64,49.65,BuildingB_Floor1,TypeA
1069,2025-04-08 01:34:05,26.33,79.3,BuildingA_Floor1,TypeA
1006,2025-04-08 15:56:08,23.26,79.98,BuildingB_Floor2,TypeB
1077,2025-04-08 17:49:59,17.05,75.41,BuildingB_Floor1,TypeB
1056,2025-04-07 17:51:50,25.58,41.16,BuildingB_Floor1,TypeB
1059,2025-04-10 11:44:53,31.09,77.15,BuildingB_Floor1,TypeB
1035,2025-04-06 19:18:43,25.03,53.76,BuildingA_Floor2,TypeB
1040,2025-04-09 13:39:32,27.31,71.34,BuildingA_Floor2,TypeA
1070,2025-04-09 01:41:34,16.51,47.13,BuildingA_Floor1,TypeC
1048,2025-04-10 13:44:51,23.55,32.55,BuildingA_Floor2,TypeC
1024,2025-04-08 19:05:46,26.99,52.1,BuildingA_Floor2,TypeA
1014,2025-04-08 22:15:52,27.94,52.54,BuildingB_Floor2,TypeB
1001,2025-04-07 13:53:38,17.69,62.07,BuildingA_Floor2,TypeA
1009,2025-04-10 20:50:26,21.98,54.44,BuildingB_Floor1,TypeB
1034,2025-04-10 11:45:28,30.06,50.25,BuildingB_Floor2,TypeB
